-- phpMyAdmin SQL Dump
-- version 5.2.1
-- https://www.phpmyadmin.net/
--
-- Host: 127.0.0.1
-- Tempo de geração: 07/03/2025 às 06:28
-- Versão do servidor: 10.4.32-MariaDB
-- Versão do PHP: 8.0.30

SET SQL_MODE = "NO_AUTO_VALUE_ON_ZERO";
START TRANSACTION;
SET time_zone = "+00:00";


/*!40101 SET @OLD_CHARACTER_SET_CLIENT=@@CHARACTER_SET_CLIENT */;
/*!40101 SET @OLD_CHARACTER_SET_RESULTS=@@CHARACTER_SET_RESULTS */;
/*!40101 SET @OLD_COLLATION_CONNECTION=@@COLLATION_CONNECTION */;
/*!40101 SET NAMES utf8mb4 */;

--
-- Banco de dados: `silvano`
--

-- --------------------------------------------------------

--
-- Estrutura para tabela `marcas`
--

CREATE TABLE `marcas` (
  `id` int(11) NOT NULL,
  `nome` varchar(255) NOT NULL
) ENGINE=InnoDB DEFAULT CHARSET=utf8mb4 COLLATE=utf8mb4_general_ci;

--
-- Despejando dados para a tabela `marcas`
--

INSERT INTO `marcas` (`id`, `nome`) VALUES
(1, 'Xiaomi\r\n'),
(2, 'samsung'),
(3, 'Lg'),
(4, 'Motorola'),
(5, 'Iphone'),
(6, 'Asus'),
(7, 'Oppo');

-- --------------------------------------------------------

--
-- Estrutura para tabela `modelos`
--

CREATE TABLE `modelos` (
  `id` int(11) NOT NULL,
  `modelo` varchar(255) NOT NULL,
  `pelicula_id` int(11) DEFAULT NULL
) ENGINE=InnoDB DEFAULT CHARSET=utf8mb4 COLLATE=utf8mb4_general_ci;

--
-- Despejando dados para a tabela `modelos`
--

INSERT INTO `modelos` (`id`, `modelo`, `pelicula_id`) VALUES
(12, 'A02 - A03 - A03S - A13 - A23 - A70 - G20 -Moto G9 Play', 2),
(14, 'Xiaomi MI 9 SE - Mi Play', 1),
(16, 'A032 - A03 Core - A12 - A13 - A70 - M12 - G10 -G30', 8),
(17, 'A03 - A03S - A12 - A13 - A70 - E20 - G10 - G20 - G30', 9),
(19, 'A12 - M12', 11),
(21, 'J7 - Metal - On7', 13),
(23, 'J4 Plus -J6 Plus -J8', 14),
(26, 'J4 Plus -J6 Plus -J8 - J8 Plus', 17),
(28, 'A10 - M10 - M20 - G7 Plus - E6S - Redmi 9 - K22', 19),
(30, 'A20S - A32 5G - M12 - Note 9 4G - K50s', 21),
(31, 'A03 - A03S - A03S Core - A12 - A32 5G - A42 - M12 - M13 - G9 Play -  G10 - G20 - G30', 22),
(37, 'A02 - A03 - A03S - A13 - A23 - A70 - G20 -Moto G9 Play', 7),
(39, 'J2 Prime - Grand Prime - J5', 12),
(40, 'A8 2016', 15),
(41, 'A6 Plus - J8 - Redmi 5 Plus - Redmi s2', 16),
(42, 'A10S - M10 - M20 - G7 - G7 Plus - G8 Play - E6s - E6 Plus - Redmi 8 - K22 - K40s', 18),
(44, 'M11 - G8 - One Fusion Plus - One Hyper - Note 9 5G', 20),
(45, 'M14 - A22 5G', 23),
(46, 'A30 - A31 -A50 - A50s - M31 - G8 Plus - Note 7 - Note 8 - K40s', 24),
(47, 'A12 - A70 - One Fusion - K41s - K50s', 25),
(48, 'A21S', 26),
(50, 'A31 - A32- A33 - M31 - M32', 28),
(51, 'A04 - A12 - A22 5G - A23 5G - A32 5G - A70', 29),
(52, 'A34', 30),
(53, 'A20S - A22 - A30 - A50 - M31 - G8 Plus - Note 7 - Redmi 8 - K40s', 31),
(54, 'A20 - A30 - A50 - M31 - G8 Plus - Note 8', 32),
(55, 'A22 - A33', 33),
(56, 'A12 - A20s - Note 9 - K50s', 34),
(57, 'A32', 35),
(58, 'G13 - G23 - G73', 36),
(59, 'A30 - A20 - A22 - A50S - M31', 37),
(62, 'A21', 27),
(65, 'A03S - A13 - A70 - M12 - G30 - E7 PLUS - E20 - Redmi 9A Sport', 10),
(66, 'A20 - A30 - A31 - A50 - M31 - K40s', 38),
(67, 'A52 - A52s - A52 5G - S20 FE - Note 10 - Note 11', 39),
(68, 'A51 - A52s - A52 5G - S20 FE - Note 10 - Note 11', 40),
(69, 'A52 - A52S', 41),
(70, 'S21 FE', 42),
(71, 'A02 - A02s - A03 - A90 5G', 43),
(72, 'A72 -M51 - M62 - F62 - Note 9S - Note 10 Lite - Note 11 pro', 44),
(73, 'M52 - M53', 45),
(74, 'Note 10 Pro - Note 11 pro', 46),
(75, 'A12 - A20s - A32 5G - M12 - Note 9 4G - K50s', 47),
(77, 'A10s - A20 - A30S - G8Plus - G8Play - Note 7 - Note 8', 48),
(95, 'A11, G8, Note 9 5G, One Fusion Plus, One Hyper', 53),
(146, 'A12, A20S, A32 5G, Note 9 4G, K50s', 108),
(147, 'A13, A03, A03S, A03 Core, A12, A32 5G, A42, M12, G9 Play, G10', 109),
(148, 'A14', 110),
(149, 'M10', 111),
(150, 'M21S, A20, A30S, G8 Plus, Note 8', 112),
(151, 'M31, A20A30, A30S, A31', 113),
(152, 'A03, A03S, A13, A23, M33, F23, G10, G20, G30', 114),
(153, 'A30, A30S, A31, M22', 115),
(154, 'A51', 116),
(155, 'M22', 117),
(156, 'Redmi Note 11 Pro, Redmi Note 11 Pro Plus, A71', 118),
(157, 'M53, A71, Note 11 Pro', 119),
(158, 'A71, Note 11 Pro', 120),
(159, 'A72, F54', 121),
(160, 'F62', 122),
(161, 'Poco M3 Pro', 123),
(162, 'A51, A52, A52s, Note 10 4G, Note 11', 124),
(163, 'Note 10 T', 125),
(164, 'S22 Plus', 126),
(165, 'A54', 127),
(166, 'S21 FE', 128),
(167, 'Lenovo C2, Moto C, Moto C Plus', 129),
(168, 'J3 2016, J5, A5 2015', 130),
(169, 'J4 Core, J6 Plus, J8, A6 Plus, A8', 131),
(170, 'J2 Prime', 132),
(171, 'A5 2017', 133),
(172, 'A8, A8 2018, Zenfone Live L1', 134),
(173, 'J4 Plus, J4 Core, J8', 135),
(174, 'J7 Metal, On7, A7', 136),
(175, 'J4, J7 Prime', 137),
(176, 'J4, J7 Pro', 138),
(177, 'A8 Plus, Mi A2, Redmi S2, Redmi 5 Plus, Note 5 F', 139),
(178, 'A6 Plus, Zenfone Max Pro M1', 140),
(179, 'J4 Plus, J6 Plus, J4 Core', 141),
(180, 'Moto G1', 142),
(181, 'Moto G5', 143),
(182, 'Redmi 5', 144),
(183, 'Moto G5s Plus', 145),
(184, 'Moto G6 Play', 146),
(185, 'E6s, Moto G7, G7 Plus, G8 Play, A10, A10S, M10, M20, K22, K40S, Mi 8A, Redmi 8', 147),
(186, 'E6 Plus, A10, A10S, M10, M20, K22, K40S, Mi 8A, Redmi 8', 148),
(187, 'E7 Plus, One Fusion, E20, G10, G20, G30, A03, A03S, A03 Core', 149),
(188, 'E7 Power, E20, G8 Power Lite, G9 Play, G10, G20, G30, G50 5G, A02S', 150),
(189, 'E7 Plus, E20, G8 Power Lite, G9 Play, G10, G20, G30, G50 5G, A02S', 151),
(190, 'A02, A02s', 152),
(191, 'E7 Play, G9 Play, G10, G20, G30, One Fusion, A02S, A03, A03s, A23', 153),
(192, 'A03s, A13', 154),
(193, 'M62', 155),
(194, 'G23, Redmi Note 11 Pro', 156),
(195, 'Moto G Power, G13', 157),
(196, 'A72, Redmi Note 10 Lite', 158),
(197, 'Moto G 2023, G13', 159),
(198, 'Moto E2', 160),
(199, 'Moto G3', 161),
(200, 'Moto G2', 162),
(201, 'Moto G5S', 163),
(202, 'Moto G5 Plus', 164),
(203, 'E4 Plus', 165),
(204, 'E5', 166),
(205, 'G7 Plus, G8 Play, Moto E6S, E6 Plus, Moto One Macro', 167),
(206, 'Moto G7, G8 Plus, G8 Play', 168),
(207, 'One Hyper, One Fusion Plus, A11, M11, Note 9T, Note 9 5G', 169),
(208, 'Moto G7, Moto G8 Plus, E6 Plus, Moto One Macro', 170),
(209, 'G7, E6 Plus', 171),
(210, 'One Hyper, A11, MB', 172),
(211, 'G9 Play, E7 Power, E7 Plus, A70, Redmi 9, 9A, 9C', 173),
(212, 'G10, G20, G30, E7 Plus, One Fusion, A03, A12, A13, A42, Redmi 9, 9A, 9C', 174),
(213, 'Moto G Stylus 2021', 175),
(214, 'Moto G100, Moto Edge S', 176),
(215, 'G20, G30, G9 Play, G10 Power, E7 Plus, E7 Power, E20, A02, A02S, A03S, A03 Core, A12, A13, M12, K41S, One Fusion', 177),
(216, 'G23, G73, E32', 178),
(217, 'A71, A72, M51 Pro, LG K52', 179),
(218, 'G13, G73', 180),
(219, 'G41, G71, Xiaomi 9T, Redmi Note 10, Redmi Note 11 1, G7', 181),
(220, 'G41, G42, G52, Redmi Note 11', 182),
(221, 'G60, G60s', 183),
(222, '631, G71, Redmi Note 11', 184),
(223, 'G32, G41, G52, Redmi Note 11', 185),
(224, 'G50 5G, G10, G20, G30, One Fusion, E7 Plus, K41S, A025, A14', 186),
(225, 'Moto G40 Fusion, G60, 0609', 187),
(226, '032, 341, Redmi Note', 188),
(227, '632, G71', 189),
(228, 'G60, G40 Fusion', 190),
(229, 'G32, G41', 191),
(230, 'G31, G41, Redmi Note 11', 192),
(231, 'Note 11 SE (India), Note 10s', 193),
(232, 'G52, Redmi Note 11, Redmi Note 10', 194),
(233, 'G13, G23, E32', 195),
(234, 'Note 11 SE', 196),
(235, 'Moto G 5G Plus, Edge S', 197),
(236, 'G60, G60s', 198),
(237, 'G7, G7 Plus, G6 Plus, G8 Play, E6S, E6 Plus', 199),
(238, 'Note 7, Note 8, A20, A30, A31, A50, A50s', 200),
(239, 'One Fusion Plus', 201),
(240, 'One Vision', 202),
(241, 'Moto E7, G10, G20, G30, G9 Play, Redmi 9A, Redmi 9C', 203),
(242, 'One Hyper', 204),
(243, 'One Action', 205),
(244, 'Moto G100, Moto G 5G Plus', 206),
(245, 'Edge 30 Ultra, Edge 40 Pro', 207),
(246, 'Edge 20 Pro', 208),
(247, 'Note 12, Poco X5', 209),
(248, 'S20 FE', 210),
(249, 'Edge Plus', 211),
(250, 'K9 TV', 212),
(251, 'K9 TV', 213),
(252, 'K20', 214),
(253, 'K4 2017, K8 2018', 215),
(254, 'K8', 216),
(255, 'K11, K11 Plus', 217),
(256, 'K11 Plus, K10 2017', 218),
(257, 'K40', 219),
(258, 'K12 Prime, Note 7', 220),
(259, 'K8 Plus', 221),
(260, 'K22 Plus, A10S, A20', 222),
(261, 'A20, A30', 223),
(262, 'LG Q31', 224),
(263, 'A10, M10, E6S, E6 Plus', 225),
(264, 'K50S, A14, One Fusion', 226),
(265, 'K52, K62, K62 Plus', 227),
(266, 'K41S', 228),
(267, 'K61, Mi 10T', 229),
(268, 'K42, K62 Plus, A71', 230),
(269, 'K51S, Mi 10T', 231),
(270, 'K62 Plus, K42, K52', 232),
(271, '07 Plus', 233),
(272, 'J2 Core', 234),
(273, 'K10 Power, Note 5A Prime', 235),
(274, 'Redmi Note 5, Redmi 5 Plus AB Plus 1895', 236),
(275, 'Redmi 6 Pro', 237),
(276, 'Mi 8 Pro', 238),
(277, 'Mi 9 Lite, Redmi 8, Redmi 8A, Redmi BA Pro', 239),
(278, 'A01, Mi Play', 240),
(279, 'Redmi K20, Redmi K20 Pro', 241),
(280, 'Poco M2 pro, Poco X3', 242),
(281, 'Mi 11 Pro, Mi 11 Ultra', 243),
(282, 'Redmi Note 11 Pro', 244),
(283, 'Xiaomi 12T Pro', 245),
(284, 'Redmi Note 11', 246),
(285, 'Samsung A8 2018', 247),
(286, 'Redmi 8A, A10', 248),
(287, 'A10, A10S, K40S, Moto E6S, Moto E6 Plus', 249),
(288, 'Redmi 9 Power, A20S', 250),
(289, '9A, 9C, 91, 9i Sport, K50S, A12, A20S, A23', 251),
(290, '9A, 9i Sport, K50S, A12, A20S, A23', 252),
(291, '91 Sport, 9A, 9C, A12, A23, A71, E7 Plus', 253),
(292, 'Redmi Note 8T, Redmi Note 9 4G, Poco M3', 254),
(293, 'Redmi 12C, Redmi 10C Power ', 255),
(294, 'Redmi 10C, Redmi 12C', 256),
(295, 'A02', 257),
(296, 'Moto G200', 258),
(297, 'Redmi 10C, Redmi 10 Power', 259),
(298, 'Xiaomi 13', 260),
(299, 'Poco F1, iPhone XS Max, Phone 11 Pro Max', 261),
(300, 'Note 7s, Note 8, A20A30, A50, A50s, K12 Max, K12 Prime', 262),
(301, 'Note 7, A20, A30, G7, G7 plus, G8 Plus, G8 Play', 263),
(302, 'Redmi 9T, Redmi Note 9 4G', 264),
(303, 'Samsung M12, A12', 265),
(304, 'Note 9 Pro, Note 9 Pro Max, Poco X3, LG K415', 266),
(305, 'Note 10s, Note 11, Samsung S20 FE', 267),
(306, 'Note 11 SE (India), G71s', 268),
(307, 'Note 10T, Note 11 SE', 269),
(308, 'Note 11 Pro', 270),
(309, 'Note 10 Pro', 271),
(310, 'Note 10, A51, S20 FE', 272),
(311, 'Note 11 T 5G, Poco M4 Pro', 273),
(312, 'Note 10 Pro, Note 12 Pro', 274),
(313, 'Note 98, Note 9 Pro, Poco X3, Poco X4 Pro, Poco X5', 275),
(314, 'Note 11, A51', 276),
(315, 'Note 11 Pro', 277),
(316, 'Redmi K50i, Redmi K50 Pro', 278),
(317, 'Redmi K50', 279),
(318, 'Poco M3, Redmi 9T, Redmi Note 9 4G', 280),
(319, 'Poco X3, Mi 10 Lite', 281),
(320, 'A20S, Note 9 4G', 282),
(321, 'Note 8T', 283),
(322, 'Samsung A03, A03S, A03 Core, A12 ', 284),
(323, 'Note 10 4G, Note 11', 285),
(324, 'Redmi 10A, A12', 286),
(325, 'Poco X4 Pro, Note 9S, Note 9 Pro', 287),
(326, 'Note 9S, Poco X4 Pro', 290),
(327, 'Poco X3, Note 9S, Note 9 Pro', 291),
(328, 'Poco X3, Poco X4 Pro, Note 9S, Note 9 Pro, Note 12', 292),
(329, 'A71', 293),
(330, 'F4, Poco M3, Note 11 Pro, A71, G22', 294),
(331, 'F3, F4 GT, Poco X3 NFC, X4 Pro, M3, M4 Pro 5G, A72', 295),
(332, 'Redmi Note 11 Pro', 296),
(333, '5S, 5G, SE 2016', 297),
(334, '6G, 6S, 7', 298),
(335, '6S Plus', 299),
(336, '7G, 8', 300),
(337, '8 Plus', 301),
(338, '7, SE 2020', 302),
(339, '7 Plus', 303),
(340, '5G', 304),
(341, '7, 8', 305),
(342, 'XS, 11 Pro', 306),
(343, '11 Pro Max', 307),
(344, '11', 308),
(345, 'XR', 309),
(346, 'X, XS', 310),
(347, '12 Pro, iPhone 11', 311),
(348, '13 Pro', 312),
(349, 'iPhone 14 Pro Max', 313),
(350, 'iphone 13 - 13 pro', 314),
(351, '13 Pro Max', 315),
(352, 'iphone 13 Pro Max', 316),
(353, 'Zenfone 2 Las, Zenfone 2 Deluxe, Zenfone 2 Deluxe Special Edition', 317),
(354, 'Zenfone 3 Laser', 318),
(355, 'Zenfone Selfie', 319),
(356, 'Zenfone 6Z', 320),
(357, 'Zenfone 5 Selfie Pro, J4 Plus', 321),
(358, 'Moto One Hyper', 322),
(359, 'Zenfone 7 Pro, Note 11 Pro', 323),
(360, 'Zenfone 9', 324),
(361, 'Zenfone 7', 325),
(362, 'Zenfone 8', 326),
(363, 'Zenfone Max 2016', 327),
(364, 'Zenfone Max (M2), Zenfone Max (M3), Zenfone Live (L1), Zenfone Live (L2), Zenfone Lite (L1)', 328),
(365, 'Zenfone Max Shot, Mi 8 Lite', 329),
(366, 'Zenfone Max Pro (M2), Zenfone Max Plus (M2), Mi 8 Lite', 330),
(367, 'Lenovo K8, Lenovo K8 Plus', 331),
(368, 'Zenfone Max Shot, Zenfone Max Plus (M2)', 332),
(369, 'Rog Phone 3 Strix Edition', 333),
(370, 'Rog Phone 5 Pro, Rog Phone 5S, Rog Phone 5S Pro, Rog Phone 5 Ultimate, Snapdragon Insiders', 334),
(371, 'Rog Phone 6 Baiman Edition, Roy Phone 6D, Roy Phone 6 Pro, Rog Pione 6 Ultimate', 335),
(372, 'Rog Phone 6 - Rog Phone 6 Pro', 336),
(373, 'Realme 6s, Realme 7, Realme Narzo 30 Pro, Redmi K30 Ultra', 337),
(374, 'Realme 7 5G, Realme 7 Pro, Redmi K30 Ultra', 338),
(375, 'Galaxy A12, Galaxy M12, Galaxy A32 5G', 339),
(376, 'Realme Q3s', 340),
(377, 'Realme 8 Pro', 341),
(378, 'Realme 8 5G', 342),
(379, 'Reno 7 5G', 343),
(380, 'Realme 9 Pro Plus', 344),
(381, 'Realme 9 SE, Realme 9 5G', 345),
(382, 'Realme 9 Pro, Realme 9i, Realme 9i 5G, Realme 9 SE', 346),
(383, 'Realme 9', 347),
(384, 'Realme 9', 348),
(385, 'Realme 7i Global', 349),
(386, 'G9 Play, Moto G10, G10 Power, Moto G20, Moto G30, E7 Plus, E7 Power, A13, K41S, One Fusion', 350),
(387, 'Realme C35, A02, A02s, A03, A03s, A12, A32 5G, M12', 351),
(388, 'A02, A02s', 352),
(389, 'Realme C21Y, A02, A02s, A03, A03s, A12, A32 5G, M12', 353),
(390, 'Realme GT 2 Pro, Redmi Note 9T, A21s', 354),
(391, 'Redmi Note 9T, A21s', 355),
(392, 'Realme 9, Realme 10', 356),
(393, 'Realme 7, Realme 7 5G, Realme 7 Pro, Redmi K30 Ultra', 357),
(394, 'Oppo A56, Oppo A1X', 358),
(395, 'Opoo A23', 359),
(396, 'Reno 10 Pro - Reno 10 - Pro Plus', 360);

-- --------------------------------------------------------

--
-- Estrutura para tabela `peliculas`
--

CREATE TABLE `peliculas` (
  `id` int(11) NOT NULL,
  `nome` varchar(255) NOT NULL,
  `quantidades` int(11) NOT NULL,
  `marca_id` int(11) DEFAULT NULL
) ENGINE=InnoDB DEFAULT CHARSET=utf8mb4 COLLATE=utf8mb4_general_ci;

--
-- Despejando dados para a tabela `peliculas`
--

INSERT INTO `peliculas` (`id`, `nome`, `quantidades`, `marca_id`) VALUES
(1, 'Samsung A01', 1, 2),
(2, 'Samsung A02', 0, 2),
(7, 'Samsung A02S', 1, 2),
(8, 'Samsung A03', 0, 2),
(9, 'Samsung A03 Core', 0, 2),
(10, 'samsung A04', 1, 2),
(11, 'Samsung A04E', 0, 2),
(12, 'Samsung A5', 1, 2),
(13, 'Samsung A7 2016', 0, 2),
(14, 'Samsung A7 2018', 1, 2),
(15, 'Samsung A8', 1, 2),
(16, 'Samsung A8 Plus', 1, 2),
(17, 'Samsung A9 2018', 0, 2),
(18, 'Samsung A10', 1, 2),
(19, 'Samsung A10s', 0, 2),
(20, 'Samsung A11', 1, 2),
(21, 'Samsung A12', 0, 2),
(22, 'Samsung A13', 0, 2),
(23, 'Samsung A14', 1, 2),
(24, 'Samsung A20', 1, 2),
(25, 'Samsung A20S', 1, 2),
(26, 'Samsung A21', 1, 2),
(27, 'Samsung A21S', 1, 2),
(28, 'Samsung A22 4G', 0, 2),
(29, 'Samsung A23', 0, 2),
(30, 'Samsung A24', 0, 2),
(31, 'Samsung A30s', 0, 2),
(32, 'Samsung A31', 0, 2),
(33, 'Samsung A32', 0, 2),
(34, 'Samsung A32 5G', 0, 2),
(35, 'Samsung A33', 0, 2),
(36, 'Samsung A34', 0, 2),
(37, 'Samsung A50', 0, 2),
(38, 'Samsung A50S', 0, 2),
(39, 'Samsung A51', 0, 2),
(40, 'Samsung A52', 0, 2),
(41, 'Samsung A53', 0, 2),
(42, 'Samsung A54', 0, 2),
(43, 'Samsung A70', 0, 2),
(44, 'Samsung A71', 0, 2),
(45, 'Samsung A72', 0, 2),
(46, 'Samsung A73', 0, 2),
(47, 'Samsung M02', 0, 2),
(48, 'Samsung M10S', 1, 2),
(53, 'Samsung M11', 0, 2),
(108, 'Samsung M12', 0, 2),
(109, 'Samsung M13', 0, 2),
(110, 'Samsung M14', 0, 2),
(111, 'Samsung M20', 0, 2),
(112, 'Samsung M21', 0, 2),
(113, 'Samsung M22', 0, 2),
(114, 'Samsung M23', 0, 2),
(115, 'Samsung M31', 0, 2),
(116, 'Samsung M31S', 0, 2),
(117, 'Samsung M32', 0, 2),
(118, 'Samsung M51', 0, 2),
(119, 'Samsung M52', 0, 2),
(120, 'Samsung M53', 0, 2),
(121, 'Samsung M54', 0, 2),
(122, 'Samsung M62', 0, 2),
(123, 'Samsung S10 Lite', 0, 2),
(124, 'Samsung S20 FE', 0, 2),
(125, 'Samsung S20 Plus', 0, 2),
(126, 'Samsung S21 FE', 0, 2),
(127, 'Samsung S22', 0, 2),
(128, 'Samsung S22 Plus', 0, 2),
(129, 'Samsung J2 Core', 0, 2),
(130, 'Samsung J2 Prime', 0, 2),
(131, 'Samsung J4', 0, 2),
(132, 'Samsung J5', 0, 2),
(133, 'Samsung J5 Pro', 0, 2),
(134, 'Samsung J6 2018', 0, 2),
(135, 'Samsung J6 Plus', 0, 2),
(136, 'Samsung J7 2016', 0, 2),
(137, 'Samsung J7 Pro', 0, 2),
(138, 'Samsung J7 Prime', 0, 2),
(139, 'Samsung J8 2016', 0, 2),
(140, 'Samsung J8 2018', 0, 2),
(141, 'Samsung J8', 0, 2),
(142, 'Moto E2', 0, 4),
(143, 'Moto E4', 0, 4),
(144, 'Moto E4 Play', 0, 4),
(145, 'Moto E4 Plus', 0, 4),
(146, 'Moto E5', 0, 4),
(147, 'Moto E6 Plus', 0, 4),
(148, 'Moto E6S', 0, 4),
(149, 'Moto E7', 0, 4),
(150, 'Moto E7 Plus', 0, 4),
(151, 'Moto E7 Power', 0, 4),
(152, 'Moto E13', 0, 4),
(153, 'Moto E20', 0, 4),
(154, 'Moto E22', 0, 4),
(155, 'Moto E22S', 0, 4),
(156, 'Moto E32', 0, 4),
(157, 'Moto E32S', 0, 4),
(158, 'Moto E40', 0, 4),
(159, 'Moto G Power', 0, 4),
(160, 'Moto G1', 0, 4),
(161, 'Moto G2', 0, 4),
(162, 'Moto G3', 0, 4),
(163, 'Moto G5 Plus', 0, 4),
(164, 'Moto G5S', 0, 4),
(165, 'Moto G5S Plus', 0, 4),
(166, 'Moto G6 Play', 0, 4),
(167, 'Moto G7', 0, 4),
(168, 'Moto G7 Plus', 0, 4),
(169, 'Moto G8', 0, 4),
(170, 'Moto G8 Play', 0, 4),
(171, 'Moto G8 Plus', 0, 4),
(172, 'Moto GB Power', 0, 4),
(173, 'Moto G8 Power Lite', 0, 4),
(174, 'Moto G9 Play', 0, 4),
(175, 'Moto G9 Plus', 0, 4),
(176, 'Moto G 5G Plus', 0, 4),
(177, 'Moto G10', 0, 4),
(178, 'Moto G13', 0, 4),
(179, 'Moto G22', 0, 4),
(180, 'Moto G23', 0, 4),
(181, 'Moto G31', 0, 4),
(182, 'Moto G32', 0, 4),
(183, 'Moto G40 Fusion', 0, 4),
(184, 'Moto G41', 0, 4),
(185, 'Moto G42', 0, 4),
(186, 'Moto G50', 0, 4),
(187, 'Moto G51', 0, 4),
(188, 'Moto G52', 0, 4),
(189, 'Moto G53', 0, 4),
(190, 'Moto G60', 0, 4),
(191, 'Moto G62', 0, 4),
(192, 'Moto G71', 0, 4),
(193, 'Moto G71S', 0, 4),
(194, 'Moto G72', 0, 4),
(195, 'Moto G73', 0, 4),
(196, 'Moto G82', 0, 4),
(197, 'Moto G100', 0, 4),
(198, 'Moto G200', 0, 4),
(199, 'Moto One Macro', 0, 4),
(200, 'Moto One Zoom', 0, 4),
(201, 'Moto One Hyper', 0, 4),
(202, 'Moto One Action', 0, 4),
(203, 'Moto One Fusion', 0, 4),
(204, 'Moto One Fusion Plus', 0, 4),
(205, 'Moto One Vision', 0, 4),
(206, 'Motorola Edge S', 0, 4),
(207, 'Motorola Edge Plus', 0, 4),
(208, 'Motorola Edge 20', 0, 4),
(209, 'Motorola Edge 20 Lite', 0, 4),
(210, 'Motorola Edge 30', 0, 4),
(211, 'Motorola Edge 40 Pro', 0, 4),
(212, 'LG K4 2017', 0, 3),
(213, 'LG K8 2018', 0, 3),
(214, 'LG Ka Plus', 0, 3),
(215, 'LG K9 TV', 0, 3),
(216, 'LG K10', 0, 3),
(217, 'LG K10 2017', 0, 3),
(218, 'LG K11', 0, 3),
(219, 'LG K12 Plus', 0, 3),
(220, 'LG K12 Max', 0, 3),
(221, 'LG K20', 0, 3),
(222, 'LG K22', 0, 3),
(223, 'LG K22 Plus', 0, 3),
(224, 'LG K31', 0, 3),
(225, 'LG K40S', 0, 3),
(226, 'LG K41S', 0, 3),
(227, 'LG K42', 0, 3),
(228, 'LG K50S', 0, 3),
(229, 'LG K51S', 0, 3),
(230, 'LG K52', 0, 3),
(231, 'LG K61', 0, 3),
(232, 'LG K62', 0, 3),
(233, 'LG Q6 Plus', 0, 3),
(234, 'Xiaomi Mi Go', 0, 1),
(235, 'Xiaomi Mi A1', 0, 1),
(236, 'Xiaomi Mi A2', 0, 1),
(237, 'Xiaomi MI A2 Lite', 0, 1),
(238, 'Xiaomi Mi 8', 0, 1),
(239, 'Xiaomi Mi 9', 0, 1),
(240, 'Xiaomi 9 SE', 0, 1),
(241, 'Xiaomi MI 9T', 0, 1),
(242, 'Xiaomi Mi 10 Lite', 0, 1),
(243, 'Xiaomi Mi 11', 0, 1),
(244, 'Xiaomi 11T Pro', 0, 1),
(245, 'Xiaomi 12T', 0, 1),
(246, 'Xiaomi 12 Lite', 0, 1),
(247, 'Xiaomi Redmi 5', 0, 1),
(248, 'Xiaomi Redmi 8', 0, 1),
(249, 'Xiaomi Redmi 8A', 0, 1),
(250, 'Xiaomi Redmi 9', 0, 1),
(251, 'Xiaomi Redmi 9A', 0, 1),
(252, 'Xiaomi Redmi 9C', 0, 1),
(253, 'Xiaomi Redmi 91', 0, 1),
(254, 'Xiaomi Redmi 9T', 0, 1),
(255, 'Xiaomi Redmi 10C', 0, 1),
(256, 'Xlaomi Redmi 10 Power', 0, 1),
(257, 'Xiaomi Redmi 10A', 0, 1),
(258, 'Xiaomi Redmi 12', 0, 1),
(259, 'Xiaomi Redmi 12C', 0, 1),
(260, 'Xiaomi Redmi 12S', 0, 1),
(261, 'Xiaomi Redmi Note 6 Pro', 0, 1),
(262, 'Xiaomi Redmi Note 7', 0, 1),
(263, 'Xiaomi Redmi Note 8', 0, 1),
(264, 'Xiaomi Redmi Note 8T', 0, 1),
(265, 'Xiaomi Redmi Note 9', 0, 1),
(266, 'Xiaomi Redmi Note 9S', 0, 1),
(267, 'Xiaomi Redmi Note 10', 0, 1),
(268, 'Xiaomi Redmi Note 10S', 0, 1),
(269, 'Xiaomi Redmi Note 10 5G', 0, 1),
(270, 'Xiaomi Redmi Note 10 Pro', 0, 1),
(271, 'Xiaomi Redmi Note 10 Lite', 0, 1),
(272, 'Xiaomi Redmi Note 11', 0, 1),
(273, 'Xiaomi Redmi Note 11 5G', 0, 1),
(274, 'Xiaomi Redmi Note 11 Pro', 0, 1),
(275, 'Xiaomi Redmi Note 12', 0, 1),
(276, 'Xiaomi Redmi Note 12S', 0, 1),
(277, 'Xiaomi Redmi Note 12 Pro', 0, 1),
(278, 'Xiaomi Redmi K50', 0, 1),
(279, 'Xiaomi Redmi K50 Pro', 0, 1),
(280, 'Xiaomi Poco M2', 0, 1),
(281, 'Xiaomi Poco M2 Pro', 0, 1),
(282, 'Xiaomi Poco M3', 0, 1),
(283, 'Xiaomi Poco M3 Pro', 0, 1),
(284, 'Xiaomi Poco M4', 0, 1),
(285, 'Xiaomi Poco M4 Pro', 0, 1),
(286, 'Xiaomi Poco M5', 0, 1),
(287, 'Xiaomi Poco X3', 0, 1),
(288, 'Xiaomi Poco X3 GT', 0, 1),
(289, 'Xiaomi Poco X3 GT', 0, 1),
(290, 'Xiaomi Poco X3 GT', 0, 1),
(291, 'Xiaomi Poco X4 Pro', 0, 1),
(292, 'Xiaomi Poco X5', 0, 1),
(293, 'Xiaomi Poco X5 Pro', 0, 1),
(294, 'Xiaomi Poco F3', 0, 1),
(295, 'Xiaomi Poco F4', 0, 1),
(296, 'Xiaomi Poco F4 5G', 0, 1),
(297, 'iPhone 5', 0, 5),
(298, 'iPhone 6', 0, 5),
(299, 'iPhone 6 Plus', 0, 5),
(300, 'iPhone 7', 0, 5),
(301, 'iPhone 7 Plus', 0, 5),
(302, 'iPhone 8', 0, 5),
(303, 'iPhone 8 Plus', 0, 5),
(304, 'iPhone SE 2016', 0, 5),
(305, 'iPhone SE 2020', 0, 5),
(306, 'iPhone X', 0, 5),
(307, 'iPhone XS Max', 0, 5),
(308, 'iPhone XR', 0, 5),
(309, 'iPhone 11', 0, 5),
(310, 'iPhone 11 Pro', 0, 5),
(311, 'iPhone 12', 0, 5),
(312, 'iPhone 13', 0, 5),
(313, 'iPhone 13 Pro Max', 0, 5),
(314, 'Iphone 14', 0, 5),
(315, 'Iphone 14 Plus', 0, 5),
(316, 'Iphone 14 Pro Max', 0, 5),
(317, 'Asus Zentone 2', 0, 6),
(318, 'Asus Zenfone 3 Max', 0, 6),
(319, 'Asus Zenfone 4 Selfie', 0, 6),
(320, 'Asus Zenfone 5', 0, 6),
(321, 'Asus Zenfone 5 Selfie', 0, 6),
(322, 'Asus Zenfone 6', 0, 6),
(323, 'Asus Zenfone 7', 0, 6),
(324, 'Asus Zenfone 8', 0, 6),
(325, 'Asus Zenfone 8 Flip', 0, 6),
(326, 'Asus Zenfone 9', 0, 6),
(327, 'Asus Zenfone Max', 0, 6),
(328, 'Asus Zenfone Max (M1)', 0, 6),
(329, 'Asus ZenFone Max Plus (M2)', 0, 6),
(330, 'Asus Zenfone Max Shot', 0, 6),
(331, 'Asus Zenfone Max 3', 0, 6),
(332, 'Asus Zenfone Shot Plus', 0, 6),
(333, 'Asus Rog Phone 3', 0, 6),
(334, 'Asus Rog Phone 5', 0, 6),
(335, 'Asus Roy Phone 6', 0, 6),
(336, 'Asus Rog Phone 7', 0, 6),
(337, 'Realme 6', 0, 7),
(338, 'Realme 7', 0, 7),
(339, 'Realme 7i Global', 0, 7),
(340, 'Realme 7i Ásia', 0, 7),
(341, 'Realme 8', 0, 7),
(342, 'Realme 8S', 0, 7),
(343, 'Realme 8 Pro', 0, 7),
(344, 'Realme 9', 0, 7),
(345, 'Realme 9i', 0, 7),
(346, 'Realme 9 5G', 0, 7),
(347, 'Realme 9 Pro Plus', 0, 7),
(348, 'Realme 10', 0, 7),
(349, 'Realme 10 S', 0, 7),
(350, 'Realme C11', 0, 7),
(351, 'Realme C21Y', 0, 7),
(352, 'Realme C33', 0, 7),
(353, 'Realme C35', 0, 7),
(354, 'Realme GT 2', 0, 7),
(355, 'Realme GT 2 Pro', 0, 7),
(356, 'Realme GT Master', 0, 7),
(357, 'Realme Narzo 30 Pro', 0, 7),
(358, 'Oppo A78', 0, 7),
(359, 'Oppo A98', 0, 7),
(360, 'Reno 10', 0, 7);

--
-- Índices para tabelas despejadas
--

--
-- Índices de tabela `marcas`
--
ALTER TABLE `marcas`
  ADD PRIMARY KEY (`id`);

--
-- Índices de tabela `modelos`
--
ALTER TABLE `modelos`
  ADD PRIMARY KEY (`id`),
  ADD KEY `pelicula_id` (`pelicula_id`);

--
-- Índices de tabela `peliculas`
--
ALTER TABLE `peliculas`
  ADD PRIMARY KEY (`id`),
  ADD KEY `marca_id` (`marca_id`);

--
-- AUTO_INCREMENT para tabelas despejadas
--

--
-- AUTO_INCREMENT de tabela `marcas`
--
ALTER TABLE `marcas`
  MODIFY `id` int(11) NOT NULL AUTO_INCREMENT, AUTO_INCREMENT=8;

--
-- AUTO_INCREMENT de tabela `modelos`
--
ALTER TABLE `modelos`
  MODIFY `id` int(11) NOT NULL AUTO_INCREMENT, AUTO_INCREMENT=397;

--
-- AUTO_INCREMENT de tabela `peliculas`
--
ALTER TABLE `peliculas`
  MODIFY `id` int(11) NOT NULL AUTO_INCREMENT, AUTO_INCREMENT=361;

--
-- Restrições para tabelas despejadas
--

--
-- Restrições para tabelas `modelos`
--
ALTER TABLE `modelos`
  ADD CONSTRAINT `modelos_ibfk_1` FOREIGN KEY (`pelicula_id`) REFERENCES `peliculas` (`id`);

--
-- Restrições para tabelas `peliculas`
--
ALTER TABLE `peliculas`
  ADD CONSTRAINT `peliculas_ibfk_1` FOREIGN KEY (`marca_id`) REFERENCES `marcas` (`id`);
COMMIT;

/*!40101 SET CHARACTER_SET_CLIENT=@OLD_CHARACTER_SET_CLIENT */;
/*!40101 SET CHARACTER_SET_RESULTS=@OLD_CHARACTER_SET_RESULTS */;
/*!40101 SET COLLATION_CONNECTION=@OLD_COLLATION_CONNECTION */;
